Order_ID,Order_Date,City,Category,Unit_Price,Quantity,Discount_Percent,Revenue,Cost,Profit,Payment_Method
1,2025-01-01,Mumbai,Groceries,2381.71,3,15.0,6073.36,4319.07,1754.29,Debit Card
2,2025-01-02,Pune,Clothing,2566.62,5,10.0,11549.79,8560.47,2989.32,Net Banking
3,2025-01-03,Lucknow,Furniture,22493.97,2,0.0,44987.94,26971.13,18016.81,Credit Card
4,2025-01-04,Lucknow,Beauty,2762.09,1,10.0,2485.88,1635.62,850.26,Cash
5,2025-01-05,Bengaluru,Clothing,2221.08,4,10.0,7995.89,4498.02,3497.87,Net Banking
6,2025-01-07,Mumbai,Electronics,11382.68,4,20.0,36424.58,25573.25,10851.33,UPI
7,2025-01-08,Lucknow,Furniture,5637.15,4,0.0,22548.6,16561.52,5987.08,Net Banking
8,2025-01-09,Pune,Clothing,4591.94,4,0.0,18367.76,13848.33,4519.43,Credit Card
9,2025-01-10,Pune,Groceries,543.65,2,15.0,924.2,742.75,181.45,Cash
10,2025-01-11,Hyderabad,Groceries,208.55,5,5.0,990.61,617.41,373.2,Credit Card
11,2025-01-13,Hyderabad,Electronics,22608.59,4,5.0,85912.64,54124.43,31788.21,UPI
12,2025-01-14,Bengaluru,Electronics,59318.12,1,0.0,59318.12,32713.41,26604.71,Debit Card
13,2025-01-15,Jaipur,Electronics,44989.78,3,15.0,114723.94,65391.73,49332.21,Credit Card
14,2025-01-16,Jaipur,Electronics,55577.9,1,10.0,50020.11,31979.98,18040.13,Net Banking
15,2025-01-18,Jaipur,Clothing,3160.84,3,10.0,8534.27,5576.21,2958.06,Debit Card
16,2025-01-19,Mumbai,Electronics,45529.94,3,10.0,122930.84,81802.62,41128.22,Cash
17,2025-01-20,Pune,Beauty,1449.8,1,5.0,1377.31,946.64,430.67,Net Banking
18,2025-01-21,Bengaluru,Beauty,3377.09,5,0.0,16885.45,9637.95,7247.5,Debit Card
19,2025-01-22,Lucknow,Groceries,2331.27,5,5.0,11073.53,6405.85,4667.68,Cash
20,2025-01-24,Delhi,Groceries,547.77,3,5.0,1561.14,910.09,651.05,UPI
21,2025-01-25,Jaipur,Electronics,19852.63,1,15.0,16874.74,13202.75,3671.99,Debit Card
22,2025-01-26,Jaipur,Electronics,33211.16,1,0.0,33211.16,21293.54,11917.62,Debit Card
23,2025-01-27,Jaipur,Electronics,28999.48,1,5.0,27549.51,16988.59,10560.92,Credit Card
24,2025-01-29,Mumbai,Clothing,1853.95,1,20.0,1483.16,922.57,560.59,Credit Card
25,2025-01-30,Pune,Groceries,223.55,5,5.0,1061.86,765.89,295.97,Credit Card
26,2025-01-31,Delhi,Beauty,3089.88,4,0.0,12359.52,8031.3,4328.22,Net Banking
27,2025-02-01,Delhi,Groceries,2460.22,3,15.0,6273.56,4802.74,1470.82,Cash
28,2025-02-02,Lucknow,Clothing,1339.33,5,15.0,5692.15,3631.64,2060.51,Debit Card
29,2025-02-04,Delhi,Furniture,16826.51,3,5.0,47955.55,27620.85,20334.7,UPI
30,2025-02-05,Jaipur,Furniture,25618.17,3,5.0,73011.78,42393.4,30618.38,Credit Card
31,2025-02-06,Delhi,Clothing,1528.48,2,20.0,2445.57,1686.2,759.37,Credit Card
32,2025-02-07,Jaipur,Electronics,12841.34,4,10.0,46228.82,36442.72,9786.1,UPI
33,2025-02-08,Delhi,Electronics,26158.9,3,15.0,66705.2,43973.21,22731.99,Cash
34,2025-02-10,Bengaluru,Clothing,4710.36,4,15.0,16015.22,11430.64,4584.58,UPI
35,2025-02-11,Pune,Clothing,4881.49,2,0.0,9762.98,6816.1,2946.88,Debit Card
36,2025-02-12,Lucknow,Beauty,1578.34,1,0.0,1578.34,1078.56,499.78,Debit Card
37,2025-02-13,Pune,Electronics,24019.16,4,10.0,86468.98,62414.16,24054.82,Net Banking
38,2025-02-15,Delhi,Clothing,4514.21,3,5.0,12865.5,8292.09,4573.41,Cash
39,2025-02-16,Delhi,Electronics,18152.64,5,10.0,81686.88,57543.6,24143.28,UPI
40,2025-02-17,Lucknow,Groceries,2357.1,5,5.0,11196.22,8828.71,2367.51,UPI
41,2025-02-18,Lucknow,Beauty,5591.42,1,10.0,5032.28,3545.34,1486.94,UPI
42,2025-02-19,Bengaluru,Groceries,806.68,5,0.0,4033.4,2510.74,1522.66,Credit Card
43,2025-02-21,Mumbai,Electronics,28523.96,2,20.0,45638.34,25968.78,19669.56,Credit Card
44,2025-02-22,Bengaluru,Clothing,1828.81,2,10.0,3291.86,2430.03,861.83,Net Banking
45,2025-02-23,Lucknow,Furniture,24852.75,3,5.0,70830.34,50651.39,20178.95,Credit Card
46,2025-02-24,Pune,Electronics,40650.51,4,10.0,146341.84,108224.34,38117.5,Cash
47,2025-02-26,Jaipur,Clothing,2020.98,4,10.0,7275.53,4862.88,2412.65,Debit Card
48,2025-02-27,Delhi,Electronics,16062.16,5,15.0,68264.18,53403.7,14860.48,Cash
49,2025-02-28,Hyderabad,Furniture,25210.22,3,0.0,75630.66,52261.22,23369.44,Cash
50,2025-03-01,Pune,Groceries,2416.6,4,15.0,8216.44,4950.26,3266.18,Debit Card
51,2025-03-02,Delhi,Groceries,418.59,2,10.0,753.46,480.1,273.36,Debit Card
52,2025-03-04,Jaipur,Groceries,1885.7,2,0.0,3771.4,3054.51,716.89,
53,2025-03-05,Pune,Groceries,1081.49,2,20.0,1730.38,1158.38,572.0,
54,2025-03-06,Pune,Beauty,1895.62,5,10.0,8530.29,5968.44,2561.85,Net Banking
55,2025-03-07,Pune,Clothing,1614.79,3,15.0,4117.71,2280.74,1836.97,Cash
56,2025-03-08,Mumbai,Beauty,836.69,4,0.0,3346.76,1856.23,1490.53,Net Banking
57,2025-03-10,Hyderabad,Groceries,515.68,5,5.0,2449.48,1754.51,694.97,Cash
58,2025-03-11,Delhi,Furniture,10044.13,2,10.0,18079.43,12399.72,5679.71,Net Banking
59,2025-03-12,Bengaluru,Beauty,1228.73,2,0.0,2457.46,1740.27,717.19,Cash
60,2025-03-13,Bengaluru,Groceries,1031.61,4,0.0,4126.44,3173.34,953.1,Net Banking
61,2025-03-15,Hyderabad,Groceries,1026.65,1,10.0,923.99,559.76,364.23,Net Banking
62,2025-03-16,Jaipur,Groceries,341.87,2,0.0,683.74,490.19,193.55,UPI
63,2025-03-17,Bengaluru,Furniture,11612.34,2,10.0,20902.21,13418.56,7483.65,UPI
64,2025-03-18,Lucknow,Groceries,1762.94,2,10.0,3173.29,2497.12,676.17,UPI
65,2025-03-19,Bengaluru,Beauty,5815.21,4,,23260.84,17507.64,5753.2,UPI
66,2025-03-21,Jaipur,Clothing,2356.78,2,5.0,4477.88,3164.73,1313.15,Net Banking
67,2025-03-22,Pune,Groceries,1129.59,5,10.0,5083.16,3122.71,1960.45,UPI
68,2025-03-23,Delhi,Electronics,34273.12,1,5.0,32559.46,25780.3,6779.16,Cash
69,2025-03-24,Pune,Groceries,2400.5,3,0.0,7201.5,4581.7,2619.8,Cash
70,2025-03-26,Lucknow,Clothing,2718.62,5,0.0,13593.1,9687.25,3905.85,Debit Card
71,2025-03-27,Mumbai,Beauty,4588.53,1,0.0,4588.53,3677.02,911.51,Credit Card
72,2025-03-28,Lucknow,Beauty,4501.1,5,5.0,21380.22,12434.91,8945.31,UPI
73,2025-03-29,Hyderabad,Furniture,25598.02,1,0.0,25598.02,14660.21,10937.81,Credit Card
74,2025-03-30,Pune,Electronics,50736.72,2,0.0,101473.44,69874.41,31599.03,Debit Card
75,2025-04-01,Hyderabad,Beauty,2412.66,4,0.0,9650.64,7673.0,1977.64,Cash
76,2025-04-02,Bengaluru,Groceries,1003.02,3,15.0,2557.7,1792.36,765.34,Credit Card
77,2025-04-03,Pune,Furniture,11916.82,3,5.0,33962.94,22395.32,11567.62,Credit Card
78,2025-04-04,Bengaluru,Groceries,385.16,5,15.0,1636.93,1229.23,407.7,Net Banking
79,2025-04-05,Pune,Groceries,2409.21,4,5.0,9155.0,7182.3,1972.7,Net Banking
80,2025-04-07,Pune,Furniture,3328.17,5,0.0,16640.85,13156.4,3484.45,Net Banking
81,2025-04-08,Mumbai,Clothing,4636.02,4,10.0,16689.67,13547.2,3142.47,UPI
82,2025-04-09,Jaipur,Electronics,44178.93,1,10.0,39761.04,28141.47,11619.57,UPI
83,2025-04-10,Mumbai,Clothing,1764.33,4,0.0,7057.32,4521.12,2536.2,Cash
84,2025-04-12,Hyderabad,Groceries,1212.88,2,0.0,2425.76,1508.35,917.41,UPI
85,2025-04-13,Hyderabad,Groceries,2466.91,1,5.0,2343.56,1549.15,794.41,Cash
86,2025-04-14,Hyderabad,Beauty,1059.16,3,15.0,2700.86,2178.1,522.76,UPI
87,2025-04-15,Delhi,Furniture,5234.21,2,10.0,9421.58,5601.18,3820.4,UPI
88,2025-04-16,Delhi,Furniture,29656.46,1,5.0,28173.64,21197.46,6976.18,Debit Card
89,2025-04-18,Delhi,Clothing,3060.87,1,10.0,2754.78,1823.67,931.11,Net Banking
90,2025-04-19,Hyderabad,Groceries,2050.96,5,20.0,8203.84,5742.41,2461.43,Net Banking
91,2025-04-20,Pune,Beauty,4615.36,3,0.0,13846.08,9299.68,4546.4,UPI
92,2025-04-21,Mumbai,Clothing,1736.29,4,0.0,6945.16,5079.41,1865.75,Cash
93,2025-04-23,Pune,Furniture,16450.46,3,10.0,44416.24,34648.62,9767.62,Cash
94,2025-04-24,Jaipur,Beauty,803.93,3,5.0,2291.2,1343.07,948.13,Net Banking
95,2025-04-25,Lucknow,Beauty,3944.36,3,0.0,11833.08,6943.89,4889.19,Credit Card
96,2025-04-26,Delhi,Furniture,18927.78,3,0.0,56783.34,42367.59,14415.75,UPI
97,2025-04-27,Lucknow,Groceries,815.1,2,15.0,1385.67,1117.36,268.31,Credit Card
98,2025-04-29,Pune,Electronics,33590.05,4,0.0,134360.2,75561.83,58798.37,Net Banking
99,2025-04-30,Jaipur,Furniture,11876.29,3,10.0,32065.98,20593.48,11472.5,UPI
100,2025-05-01,Bengaluru,Clothing,1124.72,4,0.0,4498.88,2894.27,1604.61,Debit Card
101,2025-05-02,Hyderabad,Clothing,3504.01,2,10.0,6307.22,3850.17,2457.05,Net Banking
102,2025-05-03,Hyderabad,Furniture,10521.94,5,0.0,52609.7,36729.63,15880.07,UPI
103,2025-05-05,Bengaluru,Groceries,595.2,2,0.0,1190.4,760.82,429.58,UPI
104,2025-05-06,Bengaluru,Furniture,24584.08,1,10.0,22125.67,15225.72,6899.95,Net Banking
105,2025-05-07,Lucknow,Electronics,22397.64,1,0.0,22397.64,15930.66,6466.98,Credit Card
106,2025-05-08,Bengaluru,Groceries,985.39,2,10.0,1773.7,993.1,780.6,Debit Card
107,2025-05-10,Bengaluru,Clothing,2894.51,5,15.0,12301.67,7942.2,4359.47,UPI
108,2025-05-11,Pune,Beauty,1339.02,1,15.0,1138.17,653.41,484.76,Cash
109,2025-05-12,Delhi,Electronics,54307.42,4,10.0,195506.71,126273.51,69233.2,Net Banking
110,2025-05-13,Lucknow,Furniture,5346.85,2,10.0,9624.33,6817.53,2806.8,Debit Card
111,2025-05-14,Bengaluru,Furniture,10661.95,4,10.0,38383.02,27025.87,11357.15,Net Banking
112,2025-05-16,Jaipur,Beauty,5622.04,5,0.0,28110.2,16620.77,11489.43,Cash
113,2025-05-17,Hyderabad,Clothing,895.49,1,0.0,895.49,619.34,276.15,Cash
114,2025-05-18,Delhi,Furniture,18551.96,3,15.0,47307.5,36455.61,10851.89,Debit Card
115,2025-05-19,Lucknow,Electronics,45359.78,3,10.0,122471.41,76617.42,45853.99,Net Banking
116,2025-05-21,Lucknow,Furniture,11739.34,3,0.0,35218.02,26370.79,8847.23,UPI
117,2025-05-22,Hyderabad,Furniture,23730.05,5,10.0,106785.22,85603.72,21181.5,Debit Card
118,2025-05-23,Mumbai,Clothing,733.21,2,10.0,1319.78,921.37,398.41,Cash
119,2025-05-24,Delhi,Furniture,11703.55,2,0.0,23407.1,13751.27,9655.83,UPI
120,2025-05-25,Pune,Electronics,38973.21,3,5.0,111073.65,88966.98,22106.67,Cash
121,2025-05-27,Lucknow,Groceries,1080.44,5,10.0,4861.98,3905.88,956.1,Debit Card
122,2025-05-28,Delhi,Clothing,4669.02,4,15.0,15874.67,9330.16,6544.51,Net Banking
123,2025-05-29,Pune,Groceries,492.77,5,0.0,2463.85,1511.91,951.94,
124,2025-05-30,Jaipur,Groceries,858.87,2,5.0,1631.85,1257.31,374.54,Debit Card
125,2025-05-31,Jaipur,Beauty,2017.85,1,0.0,2017.85,1599.92,417.93,Credit Card
126,2025-06-02,Bengaluru,Beauty,5466.89,3,10.0,14760.6,9838.13,4922.47,Debit Card
127,2025-06-03,Bengaluru,Furniture,6760.35,5,10.0,30421.58,22822.1,7599.48,Cash
128,2025-06-04,Delhi,Beauty,1164.55,1,10.0,1048.1,796.78,251.32,Cash
129,2025-06-05,Hyderabad,Furniture,23586.38,3,15.0,60145.27,34751.17,25394.1,Cash
130,2025-06-07,Lucknow,Beauty,1026.69,5,10.0,4620.11,3147.76,1472.35,Cash
131,2025-06-08,Bengaluru,Beauty,4404.21,3,10.0,11891.37,8282.76,3608.61,Debit Card
132,2025-06-09,Jaipur,Beauty,5012.75,2,5.0,9524.22,5822.96,3701.26,Credit Card
133,2025-06-10,Delhi,Clothing,1190.08,5,0.0,5950.4,3434.66,2515.74,Cash
134,2025-06-11,Hyderabad,Clothing,4694.53,4,20.0,15022.5,11467.02,3555.48,Credit Card
135,2025-06-13,Pune,Electronics,37966.99,2,0.0,75933.98,43348.94,32585.04,UPI
136,2025-06-14,Pune,Clothing,2528.78,5,20.0,10115.12,7854.42,2260.7,UPI
137,2025-06-15,Delhi,Electronics,53234.61,3,10.0,143733.45,94537.91,49195.54,Net Banking
138,2025-06-16,Jaipur,Electronics,18690.15,1,0.0,18690.15,11962.53,6727.62,Cash
139,2025-06-18,Bengaluru,Electronics,52902.94,2,10.0,95225.29,64736.63,30488.66,UPI
140,2025-06-19,Jaipur,Clothing,647.81,3,0.0,1943.43,1161.44,781.99,Cash
141,2025-06-20,Mumbai,Beauty,5514.62,1,15.0,4687.43,2929.4,1758.03,Cash
142,2025-06-21,Pune,Furniture,20915.51,1,20.0,16732.41,9874.45,6857.96,Cash
143,2025-06-22,Bengaluru,Beauty,1351.44,1,5.0,1283.87,843.86,440.01,Debit Card
144,2025-06-24,Bengaluru,Clothing,2072.24,5,10.0,9325.08,6079.82,3245.26,Credit Card
145,2025-06-25,Mumbai,Electronics,48327.44,2,10.0,86989.39,58196.42,28792.97,Debit Card
146,2025-06-26,Mumbai,Groceries,536.63,5,0.0,2683.15,2021.42,661.73,Credit Card
147,2025-06-27,Mumbai,Clothing,3398.0,4,15.0,11553.2,9407.9,2145.3,Net Banking
148,2025-06-28,Hyderabad,Electronics,36689.57,3,0.0,110068.71,80505.47,29563.24,UPI
149,2025-06-30,Bengaluru,Beauty,1317.7,1,10.0,1185.93,883.07,302.86,Debit Card
150,2025-07-01,Mumbai,Groceries,2366.58,5,5.0,11241.26,7166.05,4075.21,Credit Card
151,2025-07-02,Hyderabad,Electronics,18810.09,3,0.0,56430.27,44390.3,12039.97,Cash
152,2025-07-03,Mumbai,Furniture,27102.14,5,5.0,128735.16,79821.51,48913.65,Debit Card
153,2025-07-05,Mumbai,Groceries,2093.57,5,5.0,9944.46,6951.7,2992.76,Net Banking
154,2025-07-06,Mumbai,Groceries,626.83,2,15.0,1065.61,626.4,439.21,Debit Card
155,2025-07-07,Hyderabad,Electronics,33208.48,1,5.0,31548.06,21965.06,9583.0,UPI
156,2025-07-08,Hyderabad,Electronics,15246.52,3,5.0,43452.58,25450.81,18001.77,Net Banking
157,2025-07-09,Mumbai,Furniture,10352.3,3,15.0,26398.36,18294.29,8104.07,Cash
158,2025-07-11,Lucknow,Electronics,22250.87,1,5.0,21138.33,14465.29,6673.04,Net Banking
159,2025-07-12,Mumbai,Furniture,6780.5,3,20.0,16273.2,12789.93,3483.27,Cash
160,2025-07-13,Lucknow,Beauty,4090.71,2,20.0,6545.14,4339.87,2205.27,Credit Card
161,2025-07-14,Bengaluru,Furniture,7489.65,3,0.0,22468.95,12905.96,9562.99,Credit Card
162,2025-07-16,Jaipur,Beauty,2518.99,3,5.0,7179.12,5342.29,1836.83,Debit Card
163,2025-07-17,Jaipur,Furniture,13709.53,5,10.0,61692.89,38427.02,23265.87,Cash
164,2025-07-18,Bengaluru,Clothing,3177.85,3,15.0,8103.52,6546.95,1556.57,Credit Card
165,2025-07-19,Delhi,Electronics,48087.43,5,5.0,228415.29,147308.64,81106.65,UPI
166,2025-07-20,Mumbai,Beauty,4223.89,2,,7603.0,4337.53,3265.47,Net Banking
167,2025-07-22,Bengaluru,Groceries,1767.27,2,0.0,3534.54,2244.22,1290.32,Debit Card
168,2025-07-23,Lucknow,Electronics,15114.57,2,10.0,27206.23,18792.74,8413.49,Debit Card
169,2025-07-24,Delhi,Beauty,4626.5,5,10.0,20819.25,16224.08,4595.17,Credit Card
170,2025-07-25,Jaipur,Electronics,41626.58,3,20.0,99903.79,80412.16,19491.63,Credit Card
171,2025-07-26,Jaipur,Electronics,17389.92,5,10.0,78254.64,49650.28,28604.36,Net Banking
172,2025-07-28,Jaipur,Electronics,18015.15,2,5.0,34228.79,26176.2,8052.59,Cash
173,2025-07-29,Bengaluru,Clothing,1935.95,2,10.0,3484.71,2528.31,956.4,Cash
174,2025-07-30,Jaipur,Groceries,1254.55,3,10.0,3387.28,2173.84,1213.44,Cash
175,2025-07-31,Hyderabad,Electronics,35996.88,1,10.0,32397.19,22368.49,10028.7,Credit Card
176,2025-08-02,Jaipur,Groceries,659.1,3,15.0,1680.71,934.04,746.67,Net Banking
177,2025-08-03,Hyderabad,Beauty,2488.59,3,0.0,7465.77,4125.29,3340.48,UPI
178,2025-08-04,Jaipur,Beauty,514.3,4,10.0,1851.48,1455.06,396.42,UPI
179,2025-08-05,Bengaluru,Furniture,5475.88,4,10.0,19713.17,12113.15,7600.02,Net Banking
180,2025-08-06,Pune,Furniture,11000.32,5,0.0,55001.6,30516.32,24485.28,UPI
181,2025-08-08,Hyderabad,Electronics,28364.77,4,0.0,113459.08,91503.56,21955.52,Net Banking
182,2025-08-09,Jaipur,Clothing,3148.49,3,20.0,7556.38,6174.17,1382.21,Cash
183,2025-08-10,Bengaluru,Groceries,656.01,4,15.0,2230.43,1365.59,864.84,Net Banking
184,2025-08-11,Bengaluru,Furniture,4267.52,1,0.0,4267.52,2561.96,1705.56,Net Banking
185,2025-08-13,Delhi,Beauty,3889.73,1,10.0,3500.76,2489.96,1010.8,Net Banking
186,2025-08-14,Bengaluru,Clothing,2283.09,2,10.0,4109.56,3365.77,743.79,Debit Card
187,2025-08-15,Mumbai,Beauty,1575.76,1,10.0,1418.18,1002.12,416.06,Debit Card
188,2025-08-16,Delhi,Electronics,28340.83,3,0.0,85022.49,67164.53,17857.96,
189,2025-08-17,Lucknow,Groceries,185.01,1,10.0,166.51,95.49,71.02,Debit Card
190,2025-08-19,Hyderabad,Beauty,578.07,2,0.0,1156.14,704.61,451.53,Cash
191,2025-08-20,Hyderabad,Beauty,5951.41,2,10.0,10712.54,7281.94,3430.6,Debit Card
192,2025-08-21,Delhi,Furniture,18425.61,2,10.0,33166.1,25982.76,7183.34,Debit Card
193,2025-08-22,Hyderabad,Groceries,2141.4,3,0.0,6424.2,4112.66,2311.54,UPI
194,2025-08-23,Bengaluru,Beauty,4176.8,3,15.0,10650.84,6314.07,4336.77,Net Banking
195,2025-08-25,Pune,Furniture,15567.69,2,0.0,31135.38,19941.65,11193.73,Credit Card
196,2025-08-26,Hyderabad,Groceries,1434.84,5,10.0,6456.78,3562.36,2894.42,Debit Card
197,2025-08-27,Bengaluru,Electronics,37111.9,2,10.0,66801.42,46480.16,20321.26,Debit Card
198,2025-08-28,Pune,Furniture,14670.5,2,5.0,27873.95,20091.76,7782.19,Net Banking
199,2025-08-30,Bengaluru,Beauty,4796.2,4,10.0,17266.32,9812.73,7453.59,UPI
200,2025-08-31,Bengaluru,Groceries,261.64,2,10.0,470.95,266.39,204.56,Credit Card
201,2025-09-01,Lucknow,Furniture,29734.01,5,5.0,141236.55,102374.59,38861.96,Net Banking
202,2025-09-02,Bengaluru,Groceries,159.01,3,15.0,405.48,263.72,141.76,Debit Card
203,2025-09-03,Delhi,Furniture,3027.8,2,5.0,5752.82,4712.85,1039.97,Debit Card
204,2025-09-05,Mumbai,Beauty,5169.0,5,10.0,23260.5,14179.78,9080.72,Cash
205,2025-09-06,Hyderabad,Clothing,1729.67,1,20.0,1383.74,772.75,610.99,Net Banking
206,2025-09-07,Delhi,Beauty,3939.6,3,5.0,11227.86,9158.27,2069.59,Credit Card
207,2025-09-08,Delhi,Groceries,1838.61,2,0.0,3677.22,2053.38,1623.84,Cash
208,2025-09-10,Delhi,Furniture,26337.67,3,20.0,63210.41,37932.05,25278.36,Net Banking
209,2025-09-11,Bengaluru,Beauty,1175.85,3,15.0,2998.42,2265.24,733.18,Net Banking
210,2025-09-12,Jaipur,Groceries,178.06,4,20.0,569.79,341.92,227.87,UPI
211,2025-09-13,Delhi,Electronics,39579.94,4,5.0,150403.77,90865.19,59538.58,Cash
212,2025-09-14,Hyderabad,Beauty,1833.26,3,20.0,4399.82,2597.6,1802.22,Credit Card
213,2025-09-16,Pune,Furniture,15958.35,3,10.0,43087.55,33704.51,9383.04,UPI
214,2025-09-17,Jaipur,Clothing,2662.28,1,0.0,2662.28,2173.48,488.8,Cash
215,2025-09-18,Delhi,Groceries,930.44,2,5.0,1767.84,1219.42,548.42,UPI
216,2025-09-19,Mumbai,Beauty,770.3,5,0.0,3851.5,2531.09,1320.41,Credit Card
217,2025-09-20,Bengaluru,Furniture,24615.84,2,0.0,49231.68,35988.56,13243.12,Net Banking
218,2025-09-22,Delhi,Clothing,4533.0,1,,3626.4,2045.41,1580.99,Credit Card
219,2025-09-23,Jaipur,Groceries,2190.33,2,10.0,3942.59,3002.38,940.21,Debit Card
220,2025-09-24,Jaipur,Clothing,4526.67,4,10.0,16296.01,12411.61,3884.4,Debit Card
221,2025-09-25,Lucknow,Electronics,16527.97,3,10.0,44625.52,31692.39,12933.13,Net Banking
222,2025-09-27,Hyderabad,Electronics,53332.75,2,5.0,101332.22,68596.78,32735.44,Net Banking
223,2025-09-28,Bengaluru,Beauty,4054.63,3,0.0,12163.89,6758.65,5405.24,Net Banking
224,2025-09-29,Hyderabad,Electronics,33650.4,4,0.0,134601.6,98752.03,35849.57,UPI
225,2025-09-30,Lucknow,Groceries,518.06,5,10.0,2331.27,1749.69,581.58,Net Banking
226,2025-10-01,Bengaluru,Groceries,1864.84,4,10.0,6713.42,4677.18,2036.24,UPI
227,2025-10-03,Mumbai,Groceries,170.55,2,10.0,306.99,241.24,65.75,Cash
228,2025-10-04,Hyderabad,Furniture,29787.6,2,20.0,47660.16,28923.94,18736.22,Credit Card
229,2025-10-05,Pune,Beauty,4478.74,3,15.0,11420.79,7531.25,3889.54,Credit Card
230,2025-10-06,Hyderabad,Groceries,994.84,2,0.0,1989.68,1553.31,436.37,UPI
231,2025-10-08,Delhi,Groceries,1072.05,1,10.0,964.84,555.48,409.36,Debit Card
232,2025-10-09,Delhi,Electronics,58409.44,2,15.0,99296.05,54854.93,44441.12,Cash
233,2025-10-10,Mumbai,Groceries,2427.57,3,15.0,6190.3,4143.46,2046.84,Net Banking
234,2025-10-11,Bengaluru,Furniture,21073.54,1,5.0,20019.86,12355.31,7664.55,Cash
235,2025-10-12,Jaipur,Electronics,21131.44,4,5.0,80299.47,57293.29,23006.18,Net Banking
236,2025-10-14,Jaipur,Groceries,1239.11,1,10.0,1115.2,747.76,367.44,Cash
237,2025-10-15,Hyderabad,Clothing,1003.64,2,20.0,1605.82,936.52,669.3,Cash
238,2025-10-16,Hyderabad,Furniture,4062.28,3,10.0,10968.16,8798.07,2170.09,UPI
239,2025-10-17,Bengaluru,Electronics,38402.88,4,0.0,153611.52,125406.93,28204.59,Debit Card
240,2025-10-18,Jaipur,Furniture,11724.53,5,15.0,49829.25,33524.11,16305.14,Debit Card
241,2025-10-20,Lucknow,Furniture,12251.64,4,0.0,49006.56,28709.66,20296.9,Credit Card
242,2025-10-21,Hyderabad,Furniture,22788.27,2,0.0,45576.54,34060.44,11516.1,Net Banking
243,2025-10-22,Mumbai,Furniture,20864.07,2,5.0,39641.73,21990.43,17651.3,UPI
244,2025-10-23,Pune,Furniture,26460.43,1,0.0,26460.43,21204.23,5256.2,Cash
245,2025-10-25,Pune,Electronics,39231.7,5,10.0,176542.65,124610.87,51931.78,Cash
246,2025-10-26,Hyderabad,Furniture,29984.17,1,15.0,25486.54,20853.11,4633.43,UPI
247,2025-10-27,Pune,Beauty,3531.99,1,0.0,3531.99,2562.95,969.04,Cash
248,2025-10-28,Hyderabad,Clothing,4135.31,2,15.0,7030.03,4468.59,2561.44,Debit Card
249,2025-10-29,Mumbai,Electronics,14250.87,1,,13538.33,9749.71,3788.62,Net Banking
250,2025-10-31,Bengaluru,Clothing,2248.51,1,10.0,2023.66,1411.17,612.49,Cash
251,2025-11-01,Hyderabad,Furniture,18850.67,2,15.0,32046.14,21955.46,10090.68,Credit Card
252,2025-11-02,Hyderabad,Furniture,15937.91,5,15.0,67736.12,39246.85,28489.27,Credit Card
253,2025-11-03,Pune,Beauty,1702.6,4,10.0,6129.36,4636.97,1492.39,Credit Card
254,2025-11-05,Jaipur,Groceries,2393.26,5,15.0,10171.36,6777.51,3393.85,Net Banking
255,2025-11-06,Hyderabad,Groceries,2391.18,4,20.0,7651.78,4332.99,3318.79,Net Banking
256,2025-11-07,Pune,Clothing,956.39,5,10.0,4303.76,2974.9,1328.86,Debit Card
257,2025-11-08,Pune,Beauty,4877.25,3,10.0,13168.58,7561.39,5607.19,Credit Card
258,2025-11-09,Jaipur,Furniture,10360.85,4,15.0,35226.89,24344.24,10882.65,Cash
259,2025-11-11,Lucknow,Furniture,24594.09,1,10.0,22134.68,13707.39,8427.29,Cash
260,2025-11-12,Jaipur,Groceries,308.89,1,5.0,293.45,203.11,90.34,Debit Card
261,2025-11-13,Delhi,Beauty,3729.19,5,15.0,15849.06,9692.99,6156.07,Credit Card
262,2025-11-14,Mumbai,Furniture,12740.86,2,20.0,20385.38,13157.21,7228.17,Debit Card
263,2025-11-15,Delhi,Beauty,2021.74,3,15.0,5155.44,3770.09,1385.35,Credit Card
264,2025-11-17,Delhi,Clothing,3307.37,1,5.0,3142.0,1857.88,1284.12,Debit Card
265,2025-11-18,Jaipur,Groceries,2170.71,5,0.0,10853.55,6038.72,4814.83,Debit Card
266,2025-11-19,Hyderabad,Groceries,594.85,3,0.0,1784.55,1169.85,614.7,UPI
267,2025-11-20,Mumbai,Electronics,59364.85,3,10.0,160285.1,117405.17,42879.93,Net Banking
268,2025-11-22,Pune,Electronics,44006.68,4,15.0,149622.71,106661.43,42961.28,Credit Card
269,2025-11-23,Delhi,Beauty,752.69,5,15.0,3198.93,1925.13,1273.8,Debit Card
270,2025-11-24,Hyderabad,Electronics,40092.1,5,10.0,180414.45,102521.48,77892.97,Cash
271,2025-11-25,Mumbai,Clothing,3380.76,2,10.0,6085.37,3726.22,2359.15,Debit Card
272,2025-11-26,Jaipur,Furniture,29841.76,2,5.0,56699.34,46424.27,10275.07,Cash
273,2025-11-28,Delhi,Groceries,313.04,5,0.0,1565.2,1152.46,412.74,Credit Card
274,2025-11-29,Lucknow,Electronics,50733.94,4,5.0,192788.97,140644.6,52144.37,Debit Card
275,2025-11-30,Lucknow,Beauty,983.03,3,0.0,2949.09,2412.27,536.82,UPI
276,2025-12-01,Jaipur,Electronics,42921.04,4,10.0,154515.74,88701.86,65813.88,UPI
277,2025-12-03,Delhi,Beauty,5008.59,4,10.0,18030.92,10093.05,7937.87,Credit Card
278,2025-12-04,Delhi,Beauty,2352.78,5,5.0,11175.71,6867.98,4307.73,Debit Card
279,2025-12-05,Bengaluru,Clothing,2286.42,2,10.0,4115.56,2836.58,1278.98,Debit Card
280,2025-12-06,Pune,Groceries,2143.42,2,10.0,3858.16,2535.73,1322.43,Credit Card
281,2025-12-07,Jaipur,Beauty,2469.55,2,15.0,4198.24,3222.57,975.67,Cash
282,2025-12-09,Mumbai,Electronics,24771.45,3,0.0,74314.35,54817.0,19497.35,Cash
283,2025-12-10,Delhi,Furniture,20306.25,1,10.0,18275.62,12416.93,5858.69,Cash
284,2025-12-11,Pune,Electronics,39525.15,5,5.0,187744.46,151557.72,36186.74,UPI
285,2025-12-12,Lucknow,Beauty,2394.95,5,0.0,11974.75,7023.13,4951.62,Net Banking
286,2025-12-13,Mumbai,Groceries,1964.14,4,5.0,7463.73,5125.03,2338.7,Net Banking
287,2025-12-15,Jaipur,Groceries,2143.48,5,0.0,10717.4,7638.18,3079.22,Debit Card
288,2025-12-16,Bengaluru,Clothing,3039.98,2,10.0,5471.96,3095.51,2376.45,Credit Card
289,2025-12-17,Hyderabad,Beauty,3831.14,1,5.0,3639.58,2169.48,1470.1,UPI
290,2025-12-18,Delhi,Groceries,827.86,3,0.0,2483.58,1829.74,653.84,Cash
291,2025-12-20,Hyderabad,Groceries,2492.07,1,0.0,2492.07,1519.21,972.86,Cash
292,2025-12-21,Pune,Groceries,1364.9,2,0.0,2729.8,2154.86,574.94,Net Banking
293,2025-12-22,Hyderabad,Clothing,2154.92,4,10.0,7757.71,4637.25,3120.46,Net Banking
294,2025-12-23,Mumbai,Furniture,6612.7,5,0.0,33063.5,20504.32,12559.18,Credit Card
295,2025-12-24,Hyderabad,Beauty,1526.65,5,15.0,6488.26,4670.97,1817.29,Credit Card
296,2025-12-26,Bengaluru,Beauty,5769.59,4,5.0,21924.44,13632.17,8292.27,Net Banking
297,2025-12-27,Lucknow,Groceries,738.45,5,10.0,3323.02,1962.29,1360.73,Cash
298,2025-12-28,Mumbai,Furniture,15852.49,1,10.0,14267.24,11158.16,3109.08,Net Banking
299,2025-12-29,Delhi,Furniture,27086.29,1,0.0,27086.29,19714.67,7371.62,UPI
300,2025-12-31,Lucknow,Furniture,14815.28,5,5.0,70372.58,56381.53,13991.05,Net Banking
